{
  "config": {
    "run_name": "exp1_3",
    "out_dir": "./results",
    "seed": 1907626598,
    "device": null,
    "bs_train": 50,
    "bs_test": 12,
    "batches": 10,
    "epochs": 10,
    "early_stopping": 5,
    "checkpoints": null,
    "lr": 0.001,
    "reg": 0.001,
    "filters_per_layer": [
      64,
      128,
      256
    ],
    "pool_every": 4,
    "hidden_dims": [
      100
    ],
    "model_type": "cnn",
    "kw": {},
    "layers_per_block": 1
  },
  "results": {
    "num_epochs": 10,
    "train_loss": [
      2.3050670623779297,
      3.5954396724700928,
      2.3797619342803955,
      2.475093126296997,
      2.340900421142578,
      2.3075454235076904,
      2.3264012336730957,
      2.346386671066284,
      2.279839277267456,
      2.2780628204345703,
      2.289659261703491,
      2.2602698802948,
      2.230191230773926,
      2.233901023864746,
      2.2414207458496094,
      2.15786075592041,
      2.223301887512207,
      2.095320224761963,
      1.9666866064071655,
      2.2007663249969482,
      2.140835762023926,
      2.243342876434326,
      2.214916467666626,
      2.166562080383301,
      2.0980098247528076,
      2.135307550430298,
      2.0180187225341797,
      1.9349459409713745,
      2.031857490539551,
      1.9346766471862793,
      1.9476889371871948,
      2.027707576751709,
      1.822709083557129,
      1.9978796243667603,
      1.9774833917617798,
      2.079857110977173,
      2.1883835792541504,
      2.07167387008667,
      2.1545894145965576,
      2.027674674987793,
      2.0206403732299805,
      1.9413844347000122,
      2.022972345352173,
      1.9238922595977783,
      2.118872880935669,
      1.88788640499115,
      1.981345772743225,
      1.8915361166000366,
      2.015883445739746,
      1.8307758569717407,
      1.8273756504058838,
      2.0610578060150146,
      1.8461641073226929,
      1.690412163734436,
      1.7215315103530884,
      1.8413047790527344,
      1.9294906854629517,
      1.6203629970550537,
      1.9526234865188599,
      1.7701635360717773,
      1.9818240404129028,
      1.9467071294784546,
      1.9725276231765747,
      2.1116509437561035,
      1.7936710119247437,
      1.662731647491455,
      1.9638911485671997,
      1.9091095924377441,
      1.6096000671386719,
      1.8137179613113403,
      1.7441807985305786,
      1.7714240550994873,
      1.877347469329834,
      1.7148089408874512,
      2.077850580215454,
      1.6535742282867432,
      1.8158138990402222,
      1.870599389076233,
      1.5144402980804443,
      1.613369345664978,
      2.0976288318634033,
      2.1082870960235596,
      1.6690611839294434,
      1.5401334762573242,
      1.8616713285446167,
      1.5702018737792969,
      2.171525478363037,
      1.6389583349227905,
      1.526404857635498,
      1.5512014627456665,
      1.891568660736084,
      1.7731661796569824,
      1.7544467449188232,
      1.798984408378601,
      1.5993695259094238,
      1.7327765226364136,
      1.717292308807373,
      1.7173705101013184,
      1.7891857624053955,
      1.521103024482727
    ],
    "train_acc": [
      19.6,
      22.4,
      26.6,
      28.2,
      35.6,
      38.0,
      37.6,
      41.2,
      37.2,
      40.0
    ],
    "test_loss": [
      2.221099376678467,
      2.304298162460327,
      2.201866865158081,
      2.202143430709839,
      2.353123426437378,
      2.2717103958129883,
      2.3649494647979736,
      2.312936305999756,
      2.181114435195923,
      2.2486159801483154,
      1.7573679685592651,
      1.9875179529190063,
      2.096811294555664,
      2.2081356048583984,
      2.024637222290039,
      2.28654408454895,
      1.9959911108016968,
      2.3048205375671387,
      1.9344420433044434,
      1.944618582725525,
      1.6023346185684204,
      2.1931447982788086,
      1.7981199026107788,
      1.9024204015731812,
      2.344949960708618,
      1.9812946319580078,
      2.000877618789673,
      2.2106335163116455,
      1.7549210786819458,
      2.1573667526245117,
      1.5158509016036987,
      1.9948049783706665,
      1.9000238180160522,
      1.847103476524353,
      1.905080795288086,
      1.7497986555099487,
      2.059385061264038,
      2.0527589321136475,
      1.600746750831604,
      2.1932787895202637,
      1.2670410871505737,
      1.8176240921020508,
      1.8117765188217163,
      1.9176124334335327,
      1.9885679483413696,
      2.0202813148498535,
      1.65501868724823,
      2.181546449661255,
      1.6201648712158203,
      1.9261873960494995,
      1.3112553358078003,
      1.6629862785339355,
      1.772984504699707,
      1.577306866645813,
      1.9754236936569214,
      1.8502987623214722,
      1.8145637512207031,
      1.9735398292541504,
      1.4834243059158325,
      1.9072641134262085,
      1.3185805082321167,
      1.6770139932632446,
      1.8650134801864624,
      1.5185198783874512,
      1.941977858543396,
      1.6422442197799683,
      1.6026676893234253,
      1.8650139570236206,
      1.4653393030166626,
      1.9323891401290894,
      1.1862666606903076,
      1.6721488237380981,
      1.8445590734481812,
      1.6200348138809204,
      1.9229882955551147,
      1.8545832633972168,
      1.4332304000854492,
      1.9756196737289429,
      1.2710553407669067,
      2.2683959007263184,
      1.523858666419983,
      1.6005319356918335,
      2.0143749713897705,
      1.719922661781311,
      1.9373111724853516,
      2.1300604343414307,
      1.5231672525405884,
      1.9428824186325073,
      1.8096495866775513,
      1.905962586402893,
      1.2514808177947998,
      1.7925719022750854,
      2.093907117843628,
      1.6851369142532349,
      2.0775225162506104,
      1.8284215927124023,
      1.3135172128677368,
      1.8205806016921997,
      1.5081920623779297,
      1.7989273071289062
    ],
    "test_acc": [
      21.666666666666668,
      20.833333333333332,
      35.0,
      35.833333333333336,
      39.166666666666664,
      38.333333333333336,
      42.5,
      43.333333333333336,
      26.666666666666668,
      34.166666666666664
    ]
  }
}