{
  "config": {
    "run_name": "exp1_3",
    "out_dir": "./results",
    "seed": 1695205949,
    "device": null,
    "bs_train": 50,
    "bs_test": 12,
    "batches": 10,
    "epochs": 10,
    "early_stopping": 5,
    "checkpoints": null,
    "lr": 0.001,
    "reg": 0.001,
    "filters_per_layer": [
      64,
      128,
      256
    ],
    "pool_every": 4,
    "hidden_dims": [
      100
    ],
    "model_type": "cnn",
    "kw": {},
    "layers_per_block": 1
  },
  "results": {
    "num_epochs": 10,
    "train_loss": [
      2.301358699798584,
      7.973308563232422,
      3.1402392387390137,
      2.4677481651306152,
      2.262411594390869,
      2.316213369369507,
      2.244570732116699,
      2.301698684692383,
      2.29367733001709,
      2.2421200275421143,
      2.2911133766174316,
      2.3079428672790527,
      2.219896078109741,
      2.3024165630340576,
      2.072934150695801,
      2.1296300888061523,
      2.2315053939819336,
      2.018913507461548,
      2.0952348709106445,
      1.9615707397460938,
      2.243649482727051,
      2.2124156951904297,
      2.0056517124176025,
      2.0905814170837402,
      1.8514721393585205,
      1.9728999137878418,
      2.090765953063965,
      1.8361738920211792,
      1.9267126321792603,
      1.8740136623382568,
      2.127185106277466,
      2.0565290451049805,
      1.8165526390075684,
      2.0139026641845703,
      1.6310855150222778,
      1.7751126289367676,
      2.0205721855163574,
      1.685221552848816,
      1.9299633502960205,
      1.728428840637207,
      2.0168297290802,
      1.942660927772522,
      1.6884013414382935,
      2.0183451175689697,
      1.6198348999023438,
      1.597780466079712,
      1.7752406597137451,
      1.5199370384216309,
      1.737544298171997,
      1.5750019550323486,
      1.6663845777511597,
      1.7478610277175903,
      1.4635869264602661,
      1.7228740453720093,
      1.514797329902649,
      1.440536379814148,
      1.4275418519973755,
      1.352851152420044,
      1.4741908311843872,
      1.4041366577148438,
      1.5624138116836548,
      1.4793843030929565,
      1.284795880317688,
      1.496171236038208,
      1.1499254703521729,
      1.204043984413147,
      1.2899010181427002,
      1.153581976890564,
      1.149861454963684,
      1.092635989189148,
      1.4244991540908813,
      1.2612888813018799,
      1.1764779090881348,
      1.192723274230957,
      0.9220041632652283,
      0.8866393566131592,
      1.057192325592041,
      0.9727906584739685,
      1.1087367534637451,
      0.9082324504852295,
      1.051558017730713,
      0.9737533330917358,
      1.0223846435546875,
      0.9705521464347839,
      0.7428607940673828,
      0.9110509753227234,
      1.1016639471054077,
      0.8152024745941162,
      0.8086646795272827,
      0.5298470258712769,
      0.706882119178772,
      0.5961002111434937,
      0.7062502503395081,
      0.8207288980484009,
      0.45770058035850525,
      0.6356295943260193,
      0.683197021484375,
      0.5055515766143799,
      0.46482983231544495,
      0.5350126624107361
    ],
    "train_acc": [
      18.4,
      21.4,
      28.4,
      34.4,
      41.4,
      52.6,
      61.6,
      73.2,
      79.6,
      86.2
    ],
    "test_loss": [
      2.143359899520874,
      2.2671120166778564,
      2.2374022006988525,
      2.208472967147827,
      2.293346643447876,
      2.389826774597168,
      2.276707410812378,
      2.3264262676239014,
      2.1664810180664062,
      2.2295114994049072,
      1.7308835983276367,
      1.9428315162658691,
      1.9551362991333008,
      2.069315195083618,
      2.2084505558013916,
      2.6870546340942383,
      2.0594966411590576,
      2.7200849056243896,
      1.9681005477905273,
      1.99080228805542,
      1.536587119102478,
      2.0574498176574707,
      1.8189916610717773,
      1.9870868921279907,
      2.3026304244995117,
      2.732003927230835,
      1.974645733833313,
      2.9162352085113525,
      1.857051968574524,
      1.9768829345703125,
      1.443887710571289,
      2.1139609813690186,
      1.9034209251403809,
      2.084685802459717,
      2.2857749462127686,
      2.6820976734161377,
      1.9474879503250122,
      3.0283548831939697,
      1.8420060873031616,
      2.053368091583252,
      1.279910922050476,
      1.9819484949111938,
      1.890414834022522,
      1.8901554346084595,
      2.177767515182495,
      2.2359917163848877,
      1.6802383661270142,
      2.670358419418335,
      1.6268281936645508,
      2.02030348777771,
      1.4969325065612793,
      1.8609281778335571,
      1.9346102476119995,
      1.9298886060714722,
      2.139324903488159,
      2.2126882076263428,
      1.6980308294296265,
      2.478905439376831,
      1.5726293325424194,
      1.7937918901443481,
      1.9925628900527954,
      1.9771747589111328,
      2.2773921489715576,
      2.2077865600585938,
      2.1625335216522217,
      2.5522801876068115,
      1.6294130086898804,
      2.8888978958129883,
      1.6663446426391602,
      1.7364133596420288,
      1.9273096323013306,
      1.6177040338516235,
      2.6353142261505127,
      2.0996181964874268,
      2.1902008056640625,
      2.9254045486450195,
      1.7108478546142578,
      2.9803521633148193,
      1.7091466188430786,
      1.7930631637573242,
      3.3295814990997314,
      2.5348474979400635,
      3.265045166015625,
      2.0429723262786865,
      2.3723318576812744,
      2.663841485977173,
      2.096414566040039,
      3.2351291179656982,
      1.7260398864746094,
      1.7969236373901367,
      2.341986656188965,
      3.4389760494232178,
      3.568493127822876,
      2.5071563720703125,
      3.2020232677459717,
      4.422904968261719,
      2.319157838821411,
      4.38228702545166,
      2.5883634090423584,
      2.5145370960235596
    ],
    "test_acc": [
      20.833333333333332,
      23.333333333333332,
      27.5,
      23.333333333333332,
      37.5,
      32.5,
      29.166666666666668,
      33.333333333333336,
      36.666666666666664,
      28.333333333333332
    ]
  }
}